 [
    {
      "img": {
        "img1":"/img/luxurymattress1.jpg",
        "img2":"/img/luxurymattress2.jpg",
        "img3":"/img/luxurymattress3.png"
      },
      "id": 1,
      "title": "Luxury Mattresses",
      "bodyt":"hiddlljfllkgj",
      "body": "est rerum tempore vitae\nsequi sint nihil reprehenderit dolor beatae ea dolores neque\nfugiat blanditiis voluptate porro vel nihil molestiae ut reiciendis\nqui aperiam non debitis possimus qui neque nisi nulla"
    },
    {
      "img": {
        "img1":"/img/coirmattress1.jpg",
        "img2":"/img/coirmattress2.png",
        "img3":"/img/coirmattress3.jpg"
      },
      "id": 2,
      "title": "Coir Mattresses",
      "body": "est rerum tempore vitae\nsequi sint nihil reprehenderit dolor beatae ea dolores neque\nfugiat blanditiis voluptate porro vel nihil molestiae ut reiciendis\nqui aperiam non debitis possimus qui neque nisi nulla"
    },
    {
      "img": {
        "img1":"/img/rollmattress1.jpg",
        "img2":"/img/rollmattress2.jpg",
        "img3":"/img/rollmattress3.jpg"
      },
      "id": 3,
      "title": "Rollable Mattresses",
      "body": "et iusto sed quo iure\nvoluptatem occaecati omnis eligendi aut ad\nvoluptatem doloribus vel accusantium quis pariatur\nmolestiae porro eius odio et labore et velit aut"
    },
    {


      "img": {
        "img1":"/img/slimmattress2.jpg",
        "img2":"/img/slimmattress1.jpg",
        "img3":"/img/slimmattress3.jpg "
      },
    

      "id": 4,
      "title": "Slim Mattresses",
      "body": "ullam et saepe reiciendis voluptatem adipisci\nsit amet autem assumenda provident rerum culpa\nquis hic commodi nesciunt rem tenetur doloremque ipsam iure\nquis sunt voluptatem rerum illo velit"
    }
    
  ]