[
    {
        "img": {
        "img1":"/img/fiberpilo1.jpg",
        "img2":"/img/fiberpilo2.jpg",
        "img3":"/img/fiberpilo3.jpg"
        },
        "id": 5,
        "title": "Fiber Pillows",
        "body": "repudiandae veniam quaerat sunt sed\nalias aut fugiat sit autem sed est\nvoluptatem omnis possimus esse voluptatibus quis\nest aut tenetur dolor neque"
      },
      {
        "img": {
        "img1":"/img/foampilo1.jpeg",
        "img2":"/img/foampilo2.jpeg",
        "img3":"/img/foampilo3.jpeg"
        },
        "id": 6,
        "title": "Foam Pillows",
        "body": "ut aspernatur corporis harum nihil quis provident sequi\nmollitia nobis aliquid molestiae\nperspiciatis et ea nemo ab reprehenderit accusantium quas\nvoluptate dolores velit et doloremque molestiae"
    },
    {
      "img": {
      "img1":"/img/latexpilo1.png",
      "img2":"/img/latexpilo2.jpeg",
      "img3":"/img/latexpilo3.jpg"
      },
      "id": 7,
      "title": "Latex pillows",
      "body": "ut aspernatur corporis harum nihil quis provident sequi\nmollitia nobis aliquid molestiae\nperspiciatis et ea nemo ab reprehenderit accusantium quas\nvoluptate dolores velit et doloremque molestiae"
  }
]