[
    {
        "img": {
        "img1":"/img/protector3.webp",
        "img2":"/img/protector2.jpg",
        "img3":"/img/protector1.jpg"
        },
        "id": 8,
        "title": "Protectors",
        "body": "repudiandae veniam quaerat sunt sed\nalias aut fugiat sit autem sed est\nvoluptatem omnis possimus esse voluptatibus quis\nest aut tenetur dolor neque"
      },
      {
        "img": {
        "img1":"/img/comferter1.jpg",
        "img2":"/img/comferter2.webp",
        "img3":"/img/comferter3.jpg"
        },
        "id": 9,
        "title": "Comferter",
        "body": "ut aspernatur corporis harum nihil quis provident sequi\nmollitia nobis aliquid molestiae\nperspiciatis et ea nemo ab reprehenderit accusantium quas\nvoluptate dolores velit et doloremque molestiae"
    },
    {
      "img": {
      "img1":"/img/coshins3.jpg",
      "img2":"/img/coshins1.jpg",
      "img3":"/img/coshins2.jpg"
      },
      "id": 10,
      "title": "Cushions",
      "body": "ut aspernatur corporis harum nihil quis provident sequi\nmollitia nobis aliquid molestiae\nperspiciatis et ea nemo ab reprehenderit accusantium quas\nvoluptate dolores velit et doloremque molestiae"
  }
]